file,point_x,point_y,distance,ground_truth_x,ground_truth_y,kind
101_1,275,112,3.0,275,115,bifurcation
101_1,263,142,3.1622776601683795,266,141,bifurcation
101_1,265,175,4.0,261,175,bifurcation
101_1,301,173,5.656854249492381,305,177,termination
101_1,324,177,4.123105625617661,328,178,bifurcation
101_1,321,157,2.8284271247461903,323,159,bifurcation
101_1,345,78,3.605551275463989,342,80,bifurcation
101_1,253,54,7.211102550927978,257,60,termination
101_1,253,57,5.0,257,60,bifurcation
101_1,261,62,4.47213595499958,257,60,termination
101_1,272,48,7.810249675906654,277,54,termination
101_1,273,60,7.211102550927978,277,54,termination
101_1,287,15,5.0,290,19,bifurcation
101_1,268,27,3.1622776601683795,269,30,bifurcation
101_1,270,34,4.123105625617661,269,30,termination
101_1,273,93,7.280109889280518,280,95,termination
101_1,231,80,7.0710678118654755,238,79,bifurcation
101_1,237,92,2.8284271247461903,239,90,bifurcation
101_2,241,204,4.123105625617661,242,200,termination
101_2,346,75,3.1622776601683795,345,78,bifurcation
101_2,247,158,1.4142135623730951,246,159,bifurcation
101_2,399,210,6.708203932499369,405,213,bifurcation
101_2,346,211,2.23606797749979,344,212,termination
101_2,263,281,6.082762530298219,269,280,termination
101_2,407,309,3.1622776601683795,410,310,bifurcation
101_2,404,262,2.8284271247461903,402,264,termination
101_2,275,368,1.0,276,368,termination
101_2,305,158,1.0,306,158,bifurcation
101_2,377,316,3.1622776601683795,376,319,termination
101_2,319,339,1.0,318,339,bifurcation
101_2,310,190,1.0,310,191,termination
101_2,285,116,4.123105625617661,286,120,bifurcation
101_2,252,206,7.211102550927978,258,210,bifurcation
101_2,259,208,2.23606797749979,258,210,bifurcation
101_2,290,228,2.8284271247461903,292,230,termination
101_2,292,232,2.0,292,230,bifurcation
101_2,277,256,4.0,281,256,termination
101_2,284,270,3.605551275463989,287,272,termination
101_2,390,411,5.0990195135927845,395,412,termination
101_2,336,377,4.47213595499958,340,375,termination
101_2,230,320,5.385164807134504,225,322,termination
101_2,235,333,3.605551275463989,238,335,termination
101_2,268,395,3.0,271,395,bifurcation
101_2,343,428,5.0990195135927845,338,427,termination
101_3,359,160,7.615773105863909,352,163,bifurcation
101_3,296,206,1.0,295,206,bifurcation
101_3,214,225,2.8284271247461903,216,227,termination
101_3,246,240,5.385164807134504,248,245,termination
101_3,309,254,4.242640687119285,312,251,termination
101_3,315,270,5.0,318,274,termination
101_3,342,282,5.656854249492381,346,278,bifurcation
101_3,342,282,4.0,342,286,bifurcation
101_3,340,293,7.280109889280518,342,286,termination
101_3,243,282,2.23606797749979,241,283,bifurcation
101_3,359,318,3.605551275463989,362,316,termination
101_3,255,296,5.656854249492381,259,300,termination
101_3,253,299,6.082762530298219,259,300,termination
101_3,285,322,7.280109889280518,292,324,termination
101_3,271,348,7.810249675906654,276,342,bifurcation
101_3,239,381,7.810249675906654,244,387,termination
101_3,243,381,6.082762530298219,244,387,bifurcation
101_3,247,383,5.0,244,387,bifurcation
101_3,256,383,6.082762530298219,262,384,bifurcation
101_3,258,390,7.211102550927978,262,384,bifurcation
101_3,333,403,2.23606797749979,334,405,termination
101_3,214,398,5.0990195135927845,219,399,bifurcation
101_3,236,383,7.211102550927978,232,389,termination
101_3,234,384,5.385164807134504,232,389,termination
101_4,216,126,5.0990195135927845,221,127,termination
101_4,286,132,4.47213595499958,284,128,termination
101_4,288,134,7.211102550927978,284,128,bifurcation
101_4,289,150,1.4142135623730951,288,149,bifurcation
101_4,321,179,6.082762530298219,320,185,termination
101_4,321,179,6.082762530298219,327,178,termination
101_4,213,163,1.0,213,164,bifurcation
101_4,226,176,5.830951894845301,229,171,termination
101_4,260,186,6.4031242374328485,264,191,termination
101_4,250,215,5.0990195135927845,255,216,termination
101_4,251,229,6.082762530298219,257,230,termination
101_4,224,270,6.324555320336759,226,276,bifurcation
101_4,252,269,6.082762530298219,246,268,termination
101_4,243,272,5.0,246,268,termination
101_4,290,302,1.4142135623730951,291,303,bifurcation
101_4,243,306,3.605551275463989,246,308,termination
101_4,245,335,6.4031242374328485,250,331,bifurcation
101_4,188,306,5.830951894845301,185,311,bifurcation
101_4,207,308,1.0,207,309,bifurcation
101_4,326,333,5.385164807134504,331,331,bifurcation
101_4,328,333,3.605551275463989,331,331,termination
101_4,326,336,7.0710678118654755,331,331,bifurcation
101_4,271,324,2.23606797749979,269,323,bifurcation
101_4,196,283,4.47213595499958,192,285,termination
101_4,189,286,3.1622776601683795,192,285,bifurcation
101_4,191,287,2.23606797749979,192,285,termination
101_4,231,240,6.324555320336759,237,242,termination
101_4,236,246,4.123105625617661,237,242,bifurcation
101_4,311,296,3.605551275463989,314,298,termination
101_5,301,222,6.324555320336759,307,220,termination
101_5,312,224,6.4031242374328485,307,220,termination
101_5,387,107,6.324555320336759,385,113,bifurcation
101_5,405,150,5.656854249492381,401,154,bifurcation
101_5,318,116,3.605551275463989,316,113,termination
101_5,319,119,6.708203932499369,316,113,bifurcation
101_5,305,105,2.23606797749979,303,106,bifurcation
101_5,318,116,3.1622776601683795,317,119,termination
101_5,319,119,2.0,317,119,bifurcation
101_5,344,149,1.4142135623730951,345,148,bifurcation
101_5,326,170,4.0,330,170,termination
101_5,307,196,4.123105625617661,306,192,termination
101_5,250,215,5.830951894845301,253,220,bifurcation
101_5,251,216,4.47213595499958,253,220,bifurcation
101_5,250,222,3.605551275463989,253,220,bifurcation
101_5,247,244,5.0990195135927845,242,245,termination
101_5,257,236,4.123105625617661,261,237,bifurcation
101_5,287,281,5.0990195135927845,292,282,termination
101_5,298,257,2.23606797749979,297,259,bifurcation
101_5,338,265,2.23606797749979,336,264,bifurcation
101_5,360,266,2.8284271247461903,362,268,termination
101_5,236,263,2.8284271247461903,238,261,bifurcation
101_5,306,350,4.123105625617661,310,351,termination
101_5,221,288,0.0,221,288,termination
101_6,223,236,1.4142135623730951,224,235,termination
101_6,239,212,1.0,239,211,bifurcation
101_6,198,133,5.0990195135927845,199,138,bifurcation
101_6,254,139,3.1622776601683795,255,136,termination
101_6,234,249,3.605551275463989,232,252,bifurcation
101_6,215,266,4.47213595499958,213,262,termination
101_6,207,292,6.4031242374328485,203,297,bifurcation
101_6,306,226,6.0,306,220,termination
101_6,321,230,6.708203932499369,318,236,bifurcation
101_6,313,236,5.0,318,236,termination
101_6,223,284,4.0,223,288,bifurcation
101_6,181,318,2.0,181,320,bifurcation
101_6,185,325,6.4031242374328485,181,320,termination
101_6,226,326,4.123105625617661,225,330,bifurcation
101_6,260,157,4.47213595499958,262,161,termination
101_6,258,168,4.0,254,168,termination
101_6,189,180,3.1622776601683795,190,177,termination
101_6,205,186,2.8284271247461903,207,188,bifurcation
101_6,282,188,7.211102550927978,288,192,termination
101_6,202,286,7.0710678118654755,209,287,termination
101_6,205,286,4.123105625617661,209,287,bifurcation
101_6,212,286,3.1622776601683795,209,287,termination
101_6,215,287,6.0,209,287,bifurcation
101_6,207,292,5.385164807134504,209,287,bifurcation
101_6,167,298,7.0710678118654755,172,303,bifurcation
101_6,168,299,5.656854249492381,172,303,bifurcation
101_6,174,305,2.8284271247461903,172,303,termination
101_6,173,328,6.324555320336759,167,330,termination
101_6,241,94,2.0,239,94,bifurcation
101_7,268,100,4.242640687119285,271,103,bifurcation
101_7,266,141,4.123105625617661,262,142,bifurcation
101_7,281,152,1.4142135623730951,280,153,bifurcation
101_7,273,144,2.23606797749979,275,145,termination
101_7,359,151,6.708203932499369,365,154,termination
101_7,330,106,5.0,330,101,termination
101_7,331,107,6.082762530298219,330,101,bifurcation
101_7,330,109,8.0,330,101,bifurcation
101_7,335,125,1.4142135623730951,336,124,bifurcation
101_7,330,127,6.708203932499369,336,124,bifurcation
101_7,335,125,7.211102550927978,331,131,bifurcation
101_7,330,127,4.123105625617661,331,131,bifurcation
101_7,300,198,4.0,304,198,termination
101_7,302,214,6.0,308,214,termination
101_7,292,224,3.605551275463989,289,226,bifurcation
101_7,283,225,6.082762530298219,289,226,bifurcation
101_7,288,251,7.211102550927978,284,257,bifurcation
101_7,282,252,5.385164807134504,284,257,bifurcation
101_7,279,253,6.4031242374328485,284,257,termination
101_7,296,255,4.242640687119285,299,252,termination
101_7,368,286,7.211102550927978,364,280,bifurcation
101_7,296,375,7.0710678118654755,297,382,bifurcation
101_7,335,371,6.0,341,371,termination
101_7,312,175,1.0,313,175,bifurcation
101_7,271,259,5.0990195135927845,272,264,termination
101_7,244,264,7.0710678118654755,249,269,bifurcation
101_7,246,264,5.830951894845301,249,269,bifurcation
101_7,253,268,4.123105625617661,249,269,termination
101_7,246,269,3.0,249,269,bifurcation
101_7,248,270,1.4142135623730951,249,269,termination
101_7,265,290,3.605551275463989,267,293,termination
101_7,304,288,2.23606797749979,303,290,bifurcation
101_7,236,343,5.385164807134504,241,341,bifurcation
101_8,271,259,6.324555320336759,273,265,bifurcation
101_8,249,268,6.708203932499369,255,271,bifurcation
101_8,253,270,2.23606797749979,255,271,termination
101_8,273,226,5.0,277,229,termination
101_8,278,228,1.4142135623730951,277,229,termination
101_8,270,213,4.123105625617661,271,209,termination
101_8,275,215,7.211102550927978,271,209,termination
101_8,275,215,3.1622776601683795,278,216,termination
101_8,253,156,2.23606797749979,254,158,termination
101_8,253,158,1.0,254,158,termination
101_8,255,163,5.0990195135927845,254,158,termination
101_8,253,156,7.0,253,163,termination
101_8,253,158,5.0,253,163,termination
101_8,255,163,2.0,253,163,termination
101_8,253,167,4.0,253,163,termination
101_8,273,178,5.0,277,181,termination
101_8,336,296,3.1622776601683795,335,293,termination
101_8,317,302,2.23606797749979,315,301,bifurcation
102_1,349,193,7.0710678118654755,342,194,bifurcation
102_1,225,147,5.0,225,152,termination
102_1,221,153,4.123105625617661,225,152,termination
102_1,223,156,4.47213595499958,225,152,bifurcation
102_1,285,230,2.0,285,232,termination
102_1,261,155,5.0,256,155,bifurcation
102_1,276,94,6.082762530298219,275,100,termination
102_1,285,212,2.8284271247461903,287,214,termination
102_2,323,308,1.0,323,307,termination
102_2,237,156,3.1622776601683795,240,157,termination
102_2,238,176,5.830951894845301,243,179,termination
102_2,241,176,3.605551275463989,243,179,bifurcation
102_2,180,239,5.0,184,242,termination
102_2,301,286,1.4142135623730951,300,287,termination
102_2,351,248,7.615773105863909,358,245,termination
102_2,257,103,2.0,257,105,termination
102_2,346,91,1.0,347,91,termination
102_2,409,183,5.0,413,186,termination
102_2,223,269,3.1622776601683795,220,270,bifurcation
102_2,217,271,3.1622776601683795,220,270,termination
102_2,219,320,1.0,219,319,termination
102_2,369,235,2.0,367,235,termination
102_3,271,86,1.0,270,86,termination
102_3,242,82,3.605551275463989,244,85,bifurcation
102_3,296,129,5.830951894845301,291,126,bifurcation
102_3,237,128,7.280109889280518,230,130,bifurcation
102_3,331,54,5.830951894845301,334,59,bifurcation
102_3,379,62,6.4031242374328485,375,67,bifurcation
102_3,286,28,4.47213595499958,290,30,termination
102_3,226,174,2.23606797749979,228,175,termination
102_3,369,189,2.0,371,189,termination
102_3,354,210,2.0,354,212,termination
102_3,303,205,5.830951894845301,300,210,bifurcation
102_3,289,251,3.0,292,251,termination
102_3,292,254,3.0,292,251,bifurcation
102_3,298,254,6.708203932499369,292,251,termination
102_3,317,264,2.8284271247461903,315,262,termination
102_3,401,289,7.211102550927978,397,295,termination
102_3,237,175,2.0,239,175,bifurcation
102_3,271,177,4.47213595499958,275,179,termination
102_4,259,144,5.0,262,148,bifurcation
102_4,326,227,5.0,330,230,termination
102_4,207,188,7.280109889280518,209,195,termination
102_4,205,191,5.656854249492381,209,195,termination
102_4,204,197,5.385164807134504,209,195,bifurcation
102_4,243,193,3.1622776601683795,240,192,bifurcation
102_4,259,279,1.4142135623730951,260,278,termination
102_4,252,276,5.830951894845301,255,271,termination
102_4,269,248,4.242640687119285,272,251,termination
102_4,265,224,2.23606797749979,263,223,termination
102_4,289,416,5.385164807134504,284,414,bifurcation
102_4,313,244,5.0,317,247,termination
102_4,295,296,4.242640687119285,298,299,termination
102_4,273,270,3.605551275463989,270,268,termination
102_4,233,111,5.0990195135927845,238,112,termination
102_4,162,267,4.47213595499958,164,263,termination
102_4,159,233,6.4031242374328485,163,238,bifurcation
102_4,230,304,3.0,230,307,termination
102_4,356,364,4.47213595499958,354,368,termination
102_4,313,419,2.8284271247461903,315,421,termination
102_4,249,421,4.123105625617661,250,425,termination
102_4,266,446,5.0,261,446,bifurcation
102_5,334,278,5.0,337,282,termination
102_5,325,294,1.4142135623730951,326,293,termination
102_5,314,266,5.0,311,262,termination
102_5,269,248,3.1622776601683795,272,249,bifurcation
102_5,279,252,7.615773105863909,272,249,termination
102_5,269,253,5.0,272,249,bifurcation
102_5,337,214,3.605551275463989,340,216,termination
102_5,257,220,5.830951894845301,260,225,bifurcation
102_5,299,163,7.615773105863909,306,160,bifurcation
102_5,315,112,5.0,312,116,bifurcation
102_5,375,130,4.0,371,130,bifurcation
102_5,449,201,5.0,449,206,termination
102_5,454,210,6.4031242374328485,449,206,termination
102_5,439,95,3.1622776601683795,440,98,bifurcation
102_5,469,132,6.708203932499369,463,129,bifurcation
102_5,371,85,3.605551275463989,374,87,termination
102_5,303,134,3.1622776601683795,302,137,bifurcation
102_5,253,208,4.0,253,212,bifurcation
102_5,254,212,1.0,253,212,termination
102_5,374,246,3.0,374,249,termination
102_5,288,267,7.0710678118654755,281,266,bifurcation
102_5,279,271,5.385164807134504,281,266,termination
102_5,335,178,3.605551275463989,332,176,bifurcation
102_5,396,238,3.1622776601683795,395,241,termination
102_5,331,315,2.23606797749979,333,316,termination
102_5,367,380,2.8284271247461903,365,382,termination
102_6,314,287,1.4142135623730951,315,286,termination
102_6,330,303,4.47213595499958,332,307,termination
102_6,303,256,2.23606797749979,305,257,termination
102_6,302,214,4.47213595499958,300,218,bifurcation
102_6,366,214,4.47213595499958,362,216,bifurcation
102_6,298,125,6.4031242374328485,293,121,bifurcation
102_6,279,184,6.708203932499369,273,181,bifurcation
102_6,261,270,3.605551275463989,263,267,termination
102_6,262,271,4.123105625617661,263,267,termination
102_6,238,126,7.0,238,133,bifurcation
102_6,393,164,8.0,401,164,bifurcation
102_6,401,166,2.0,401,164,termination
102_6,215,207,1.4142135623730951,214,208,termination
102_6,215,212,4.123105625617661,214,208,termination
102_6,322,276,5.0,319,272,termination
102_6,287,270,7.615773105863909,294,267,termination
102_7,340,296,3.605551275463989,338,293,termination
102_7,319,271,1.0,319,272,termination
102_7,335,259,5.0990195135927845,334,264,bifurcation
102_7,332,260,4.47213595499958,334,264,bifurcation
102_7,333,262,2.23606797749979,334,264,termination
102_7,385,222,2.23606797749979,384,224,termination
102_7,370,238,1.0,371,238,termination
102_7,329,216,3.605551275463989,327,219,bifurcation
102_7,278,273,5.830951894845301,273,276,bifurcation
102_7,247,253,7.211102550927978,241,257,bifurcation
102_7,238,254,4.242640687119285,241,257,termination
102_7,259,157,7.0,259,164,termination
102_7,259,159,5.0,259,164,bifurcation
102_7,261,159,5.385164807134504,259,164,bifurcation
102_7,323,129,6.324555320336759,317,127,bifurcation
102_7,301,88,3.605551275463989,304,90,termination
102_8,327,260,5.0990195135927845,326,255,termination
102_8,338,275,4.47213595499958,340,279,termination
102_8,301,235,6.708203932499369,307,232,bifurcation
102_8,335,249,7.810249675906654,340,255,termination
102_8,331,243,2.23606797749979,332,241,termination
102_8,276,258,3.605551275463989,279,260,termination
102_8,316,180,2.23606797749979,314,181,bifurcation
102_8,295,189,7.0,295,182,termination
102_8,363,359,2.0,363,361,termination
102_8,358,204,5.0990195135927845,363,205,termination
102_8,287,143,2.8284271247461903,289,145,termination
102_8,275,237,4.123105625617661,274,233,termination
102_8,275,238,5.0990195135927845,274,233,termination
102_8,231,190,5.0990195135927845,232,195,bifurcation
102_8,223,218,5.656854249492381,227,222,bifurcation
103_1,285,107,5.385164807134504,287,112,bifurcation
103_1,286,115,3.1622776601683795,287,112,termination
103_1,287,118,6.0,287,112,bifurcation
103_1,277,127,3.605551275463989,279,130,bifurcation
103_1,286,129,7.0710678118654755,279,130,bifurcation
103_1,289,139,7.810249675906654,295,134,bifurcation
103_1,340,126,3.1622776601683795,339,123,termination
103_1,350,151,4.0,354,151,termination
103_1,339,192,4.123105625617661,340,188,termination
103_1,352,187,6.0,352,181,termination
103_1,311,222,5.385164807134504,313,217,termination
103_1,313,235,4.123105625617661,312,239,termination
103_1,275,262,6.4031242374328485,280,258,bifurcation
103_1,272,286,1.0,271,286,termination
103_1,306,289,6.324555320336759,312,287,bifurcation
103_1,337,302,5.385164807134504,339,307,bifurcation
103_1,351,304,7.0710678118654755,358,303,bifurcation
103_1,238,251,6.708203932499369,244,248,bifurcation
103_1,289,139,5.830951894845301,284,142,bifurcation
103_1,281,142,3.0,284,142,termination
103_1,285,147,5.0990195135927845,284,142,termination
103_1,289,139,8.0,289,147,bifurcation
103_1,285,147,4.0,289,147,termination
103_1,224,175,5.656854249492381,220,171,bifurcation
103_1,271,86,4.47213595499958,275,88,bifurcation
103_1,289,95,3.1622776601683795,290,98,bifurcation
103_1,251,72,5.0,248,76,bifurcation
103_1,240,94,4.47213595499958,242,90,bifurcation
103_1,213,33,5.0990195135927845,212,38,bifurcation
103_1,239,27,3.605551275463989,242,25,bifurcation
103_1,259,11,2.23606797749979,260,13,bifurcation
103_1,369,104,2.23606797749979,371,105,bifurcation
103_1,340,12,4.123105625617661,339,8,bifurcation
103_1,375,201,4.0,375,197,termination
103_1,378,221,7.280109889280518,380,228,bifurcation
103_1,381,221,7.0710678118654755,380,228,termination
103_1,382,223,5.385164807134504,380,228,termination
103_1,308,200,6.708203932499369,311,194,termination
103_2,317,173,4.47213595499958,319,177,bifurcation
103_2,327,218,3.1622776601683795,324,219,termination
103_2,321,222,4.242640687119285,324,219,termination
103_2,320,228,7.280109889280518,327,230,bifurcation
103_2,322,234,6.4031242374328485,327,230,bifurcation
103_2,386,222,6.708203932499369,383,216,termination
103_2,341,179,4.242640687119285,344,182,termination
103_2,291,162,6.0,291,168,termination
103_2,285,184,2.23606797749979,286,182,bifurcation
103_2,303,105,3.1622776601683795,302,108,bifurcation
103_2,283,120,5.830951894845301,288,117,bifurcation
103_2,327,109,4.123105625617661,331,110,bifurcation
103_2,331,96,6.082762530298219,337,95,bifurcation
103_2,363,299,7.615773105863909,360,306,bifurcation
103_2,355,300,7.810249675906654,360,306,bifurcation
103_2,355,301,7.0710678118654755,360,306,bifurcation
103_2,366,302,7.211102550927978,360,306,bifurcation
103_2,354,303,6.708203932499369,360,306,bifurcation
103_2,269,268,3.1622776601683795,268,265,bifurcation
103_3,296,88,4.123105625617661,300,87,bifurcation
103_3,312,51,3.1622776601683795,311,54,termination
103_3,293,101,4.0,289,101,bifurcation
103_3,204,206,2.23606797749979,205,204,termination
103_3,260,153,1.4142135623730951,259,154,bifurcation
103_3,257,160,6.324555320336759,259,154,termination
103_3,286,162,2.23606797749979,285,164,termination
103_3,306,166,6.082762530298219,307,172,termination
103_3,302,172,5.0,307,172,termination
103_3,292,188,2.8284271247461903,294,186,termination
103_3,291,189,4.242640687119285,294,186,bifurcation
103_3,301,214,7.810249675906654,307,209,bifurcation
103_3,238,249,4.0,238,253,termination
103_3,301,214,6.4031242374328485,296,218,bifurcation
103_3,294,219,2.23606797749979,296,218,termination
103_3,296,223,5.0,296,218,termination
103_3,364,241,5.0990195135927845,365,236,termination
103_3,364,273,2.23606797749979,365,271,termination
103_3,349,280,1.4142135623730951,350,279,termination
103_3,237,373,5.0,241,370,bifurcation
103_3,287,373,3.1622776601683795,290,374,termination
103_3,320,373,6.4031242374328485,324,378,termination
103_3,317,375,7.615773105863909,324,378,termination
103_3,317,379,7.0710678118654755,324,378,bifurcation
103_3,359,355,4.242640687119285,362,358,termination
103_3,389,313,4.123105625617661,390,317,bifurcation
103_3,393,367,5.830951894845301,396,362,bifurcation
103_3,399,332,7.810249675906654,404,338,termination
103_3,402,296,4.123105625617661,401,292,termination
103_3,404,298,6.708203932499369,401,292,termination
103_3,393,249,4.47213595499958,397,251,bifurcation
103_3,395,165,1.0,395,164,termination
103_3,320,319,7.0710678118654755,327,320,bifurcation
103_3,321,311,1.0,322,311,termination
103_3,223,346,2.23606797749979,225,345,termination
103_3,214,394,5.830951894845301,219,391,bifurcation
103_3,295,399,3.0,295,402,termination
103_3,261,417,7.280109889280518,268,415,bifurcation
103_3,350,398,4.47213595499958,354,400,termination
103_3,362,397,5.830951894845301,367,394,bifurcation
103_3,307,425,6.0,313,425,bifurcation
103_3,241,442,7.211102550927978,245,436,bifurcation
103_3,245,389,3.605551275463989,247,392,termination
103_3,387,429,6.324555320336759,393,427,bifurcation
103_3,255,332,4.242640687119285,258,335,termination
103_3,253,335,5.0,258,335,termination
103_3,254,337,4.47213595499958,258,335,bifurcation
103_4,303,220,4.242640687119285,300,223,termination
103_4,317,222,7.0710678118654755,322,217,termination
103_4,315,234,6.324555320336759,317,240,bifurcation
103_4,316,240,1.0,317,240,termination
103_4,318,249,5.0,323,249,termination
103_4,332,205,1.4142135623730951,331,204,termination
103_4,318,192,3.0,315,192,termination
103_4,225,190,4.242640687119285,228,193,termination
103_4,224,191,4.47213595499958,228,193,bifurcation
103_4,256,60,7.615773105863909,263,63,bifurcation
103_4,312,17,1.4142135623730951,313,16,termination
103_4,391,113,3.605551275463989,388,115,bifurcation
103_4,256,131,1.0,257,131,termination
103_4,278,194,1.0,278,195,termination
103_4,244,255,2.23606797749979,246,256,termination
103_4,217,319,5.830951894845301,222,322,termination
103_4,264,331,3.1622776601683795,263,328,termination
103_4,338,320,7.615773105863909,341,327,bifurcation
103_4,290,365,4.47213595499958,294,367,termination
103_4,296,345,5.0,300,342,bifurcation
103_4,243,366,3.0,240,366,termination
103_4,396,237,6.4031242374328485,392,242,bifurcation
103_4,398,240,6.324555320336759,392,242,termination
103_4,392,246,4.0,392,242,termination
103_4,380,224,2.0,380,222,termination
103_4,287,172,3.1622776601683795,288,175,termination
103_4,307,120,5.385164807134504,312,118,termination
103_4,236,351,5.0,241,351,bifurcation
103_4,328,369,4.47213595499958,332,367,bifurcation
103_5,244,221,6.324555320336759,242,227,termination
103_5,310,146,1.0,310,147,termination
103_5,330,71,6.0,336,71,bifurcation
103_5,378,84,7.810249675906654,384,89,termination
103_5,382,88,2.23606797749979,384,89,termination
103_5,382,91,2.8284271247461903,384,89,bifurcation
103_5,282,133,1.0,281,133,bifurcation
103_5,423,163,6.324555320336759,421,157,termination
103_5,323,158,4.242640687119285,326,155,termination
103_5,373,198,4.123105625617661,374,194,termination
103_5,384,227,5.385164807134504,386,222,termination
103_5,381,256,4.123105625617661,382,252,termination
103_5,365,260,4.242640687119285,368,257,termination
103_5,414,242,2.8284271247461903,416,244,bifurcation
103_5,406,193,7.280109889280518,408,186,termination
103_5,417,288,5.385164807134504,422,286,termination
103_5,402,302,3.605551275463989,405,304,termination
103_5,364,334,7.615773105863909,371,331,bifurcation
103_5,407,318,4.47213595499958,411,320,bifurcation
103_5,413,318,2.8284271247461903,411,320,termination
103_5,398,340,1.0,398,341,termination
103_5,397,343,2.23606797749979,398,341,termination
103_5,320,346,7.615773105863909,327,343,bifurcation
103_5,292,314,4.47213595499958,296,312,bifurcation
103_5,333,293,2.23606797749979,334,295,termination
103_5,334,280,3.605551275463989,337,278,termination
103_5,343,250,7.810249675906654,337,255,termination
103_5,336,256,1.4142135623730951,337,255,termination
103_5,318,163,6.0,318,169,termination
103_5,318,166,3.0,318,169,bifurcation
103_5,298,177,3.605551275463989,295,179,termination
103_5,320,192,6.324555320336759,326,190,bifurcation
103_5,322,192,4.47213595499958,326,190,termination
103_5,309,190,5.385164807134504,307,185,termination
103_5,263,300,2.23606797749979,261,299,termination
103_5,257,301,4.47213595499958,261,299,bifurcation
103_5,260,302,3.1622776601683795,261,299,termination
103_5,311,197,7.810249675906654,316,203,termination
103_5,319,201,3.605551275463989,316,203,bifurcation
103_5,309,190,7.0,309,197,termination
103_5,311,197,2.0,309,197,termination
103_5,403,281,5.385164807134504,405,276,termination
103_5,288,336,1.0,288,337,termination
103_5,236,333,5.656854249492381,240,329,bifurcation
103_5,243,348,5.385164807134504,245,353,termination
103_5,258,376,7.0710678118654755,265,375,bifurcation
103_5,289,367,7.0710678118654755,296,366,bifurcation
103_5,349,364,5.385164807134504,351,369,bifurcation
103_5,363,365,4.47213595499958,367,367,termination
103_5,366,365,2.23606797749979,367,367,bifurcation
103_5,363,369,4.47213595499958,367,367,bifurcation
103_5,220,302,5.0990195135927845,219,307,termination
103_5,426,335,4.47213595499958,424,339,bifurcation
103_6,275,239,3.605551275463989,273,242,termination
103_6,275,241,2.23606797749979,273,242,bifurcation
103_6,279,241,6.082762530298219,273,242,bifurcation
103_6,337,229,1.4142135623730951,336,228,termination
103_6,367,220,1.0,367,219,termination
103_6,377,352,7.0710678118654755,376,359,bifurcation
103_6,374,365,6.324555320336759,376,359,bifurcation
103_6,300,347,2.23606797749979,299,345,bifurcation
103_6,274,180,5.0,278,183,bifurcation
103_6,299,304,6.708203932499369,302,298,termination
103_6,330,295,1.0,330,294,termination
103_6,343,296,6.082762530298219,342,290,termination
103_6,219,269,5.656854249492381,215,265,bifurcation
103_6,343,260,6.324555320336759,349,258,bifurcation
103_7,318,281,2.23606797749979,319,279,termination
103_7,332,280,5.0,332,275,termination
103_7,289,313,5.0,292,309,termination
103_7,287,291,6.324555320336759,289,285,termination
103_7,269,232,3.0,269,235,termination
103_7,267,222,7.615773105863909,264,229,bifurcation
103_7,269,232,5.830951894845301,264,229,termination
103_7,266,215,5.830951894845301,261,218,termination
103_7,268,221,7.615773105863909,261,218,termination
103_7,267,222,7.211102550927978,261,218,bifurcation
103_7,274,219,4.47213595499958,278,221,termination
103_7,273,223,5.385164807134504,278,221,termination
103_7,205,253,4.47213595499958,203,257,termination
103_7,292,50,4.0,296,50,bifurcation
103_7,362,253,6.4031242374328485,366,258,bifurcation
103_7,265,171,3.1622776601683795,262,172,termination
103_7,362,334,6.4031242374328485,366,339,termination
103_7,353,364,1.4142135623730951,354,363,termination
103_7,322,365,5.830951894845301,327,362,bifurcation
103_7,307,398,5.0990195135927845,308,403,bifurcation
103_7,252,406,8.0,260,406,bifurcation
103_7,223,415,6.4031242374328485,228,419,bifurcation
103_7,246,383,7.810249675906654,251,377,bifurcation
103_7,251,352,6.324555320336759,257,350,bifurcation
103_7,219,337,5.830951894845301,224,334,bifurcation
103_7,370,297,1.4142135623730951,371,298,bifurcation
103_7,334,246,2.8284271247461903,336,244,termination
103_8,234,263,2.8284271247461903,232,261,bifurcation
103_8,298,244,2.23606797749979,300,245,termination
103_8,295,238,4.47213595499958,291,240,termination
103_8,292,221,3.0,292,224,bifurcation
103_8,302,235,7.810249675906654,308,230,bifurcation
103_8,294,180,3.605551275463989,296,183,bifurcation
103_8,213,201,4.242640687119285,216,198,termination
103_8,363,264,7.0,363,257,termination
103_8,356,296,6.324555320336759,358,290,termination
103_8,342,297,4.123105625617661,343,293,termination
103_8,378,314,5.0,378,309,termination
103_8,382,359,3.605551275463989,384,356,termination
103_8,382,363,7.280109889280518,384,356,bifurcation
103_8,377,334,3.1622776601683795,376,337,bifurcation
103_8,371,381,0.0,371,381,termination
103_8,340,377,7.211102550927978,346,373,bifurcation
103_8,296,392,5.830951894845301,301,389,bifurcation
103_8,335,413,7.280109889280518,342,411,bifurcation
103_8,327,413,4.123105625617661,323,414,termination
103_8,218,398,7.810249675906654,224,393,bifurcation
103_8,264,383,2.23606797749979,262,384,termination
103_8,270,360,3.1622776601683795,273,359,bifurcation
103_8,306,335,7.0710678118654755,311,340,bifurcation
103_8,310,303,3.0,313,303,termination
103_8,238,343,4.47213595499958,242,341,bifurcation
103_8,217,373,6.4031242374328485,222,369,bifurcation
103_8,200,340,3.605551275463989,203,342,termination
103_8,264,412,7.0710678118654755,271,411,bifurcation
104_1,242,186,5.656854249492381,246,190,termination
104_1,243,194,5.0,246,190,termination
104_1,270,134,7.0,270,141,termination
104_1,268,138,3.605551275463989,270,141,termination
104_1,276,139,6.324555320336759,270,141,termination
104_1,270,142,1.0,270,141,termination
104_1,239,219,5.0,236,223,termination
104_1,254,51,5.0,251,55,termination
104_1,308,161,3.0,308,158,termination
104_1,279,122,1.4142135623730951,280,121,termination
104_1,277,126,5.830951894845301,280,121,termination
104_1,297,87,6.082762530298219,291,88,termination
104_1,349,167,4.0,349,163,termination
104_1,250,210,5.385164807134504,252,215,termination
104_1,251,213,2.23606797749979,252,215,bifurcation
104_1,334,214,5.385164807134504,339,216,bifurcation
104_1,345,219,6.708203932499369,339,216,bifurcation
104_1,259,104,1.4142135623730951,260,103,termination
104_1,332,14,0.0,332,14,termination
104_1,363,76,2.0,365,76,bifurcation
104_1,265,10,7.615773105863909,258,13,termination
104_2,296,222,2.8284271247461903,294,224,termination
104_2,304,273,2.8284271247461903,302,275,termination
104_2,309,301,5.0,309,306,bifurcation
104_2,313,308,4.47213595499958,309,306,termination
104_2,320,302,4.0,320,306,termination
104_2,313,308,7.280109889280518,320,306,termination
104_2,355,291,4.0,355,295,termination
104_2,341,253,5.656854249492381,345,257,termination
104_2,344,255,2.23606797749979,345,257,termination
104_2,308,334,5.385164807134504,310,329,termination
104_2,304,179,4.242640687119285,301,182,termination
104_2,301,182,0.0,301,182,termination
104_2,301,186,4.0,301,182,bifurcation
104_2,332,262,6.0,332,268,termination
104_2,329,270,3.605551275463989,332,268,termination
104_3,319,253,3.1622776601683795,320,256,termination
104_3,258,181,2.23606797749979,257,183,termination
104_3,302,415,3.1622776601683795,305,414,bifurcation
104_3,278,270,3.605551275463989,280,273,termination
104_3,285,270,5.830951894845301,280,273,termination
104_3,355,348,5.0990195135927845,350,347,termination
104_3,350,350,3.0,350,347,termination
104_3,350,353,6.0,350,347,bifurcation
104_3,265,138,5.0,262,142,termination
104_3,334,134,5.0,329,134,termination
104_3,365,123,1.4142135623730951,366,124,termination
104_3,361,128,6.4031242374328485,366,124,termination
104_3,270,270,5.0,266,273,termination
104_3,369,207,6.082762530298219,370,201,termination
104_3,365,316,7.280109889280518,372,318,termination
104_3,367,319,5.0990195135927845,372,318,termination
104_3,375,321,4.242640687119285,372,318,termination
104_4,383,350,3.605551275463989,381,353,bifurcation
104_4,338,218,3.1622776601683795,337,221,termination
104_4,283,198,3.605551275463989,285,195,termination
104_4,314,381,5.0990195135927845,319,382,bifurcation
104_4,406,327,7.211102550927978,400,323,bifurcation
104_4,359,274,1.4142135623730951,358,275,termination
104_4,243,371,3.1622776601683795,242,374,termination
104_4,270,356,6.324555320336759,272,362,termination
104_4,268,396,5.0,272,399,bifurcation
104_4,297,410,7.0,304,410,bifurcation
104_4,287,261,2.0,289,261,termination
104_4,366,320,6.4031242374328485,370,325,termination
104_4,338,411,3.0,338,408,termination
104_5,270,287,6.708203932499369,276,290,termination
104_5,270,291,6.082762530298219,276,290,bifurcation
104_5,264,304,7.211102550927978,268,310,termination
104_5,266,310,2.0,268,310,termination
104_5,244,225,2.23606797749979,242,226,termination
104_5,246,181,4.123105625617661,245,185,termination
104_5,205,232,7.211102550927978,199,228,bifurcation
104_5,347,329,4.123105625617661,346,325,termination
104_5,263,340,6.324555320336759,265,334,termination
104_5,239,351,7.0710678118654755,244,356,bifurcation
104_5,315,174,1.0,314,174,termination
104_5,344,159,7.280109889280518,342,152,termination
104_5,342,390,3.1622776601683795,343,387,termination
104_5,286,252,8.0,286,260,bifurcation
104_5,281,262,5.385164807134504,286,260,termination
104_5,285,267,7.0710678118654755,286,260,termination
104_5,306,327,1.0,306,328,termination
104_5,250,281,7.810249675906654,244,286,termination
104_6,228,286,7.810249675906654,234,291,bifurcation
104_6,230,286,6.4031242374328485,234,291,termination
104_6,238,286,6.4031242374328485,234,291,termination
104_6,231,293,3.605551275463989,234,291,termination
104_6,274,271,5.0990195135927845,273,276,termination
104_6,202,331,6.4031242374328485,207,335,bifurcation
104_6,227,319,6.082762530298219,228,313,termination
104_6,257,240,0.0,257,240,termination
104_6,290,156,1.4142135623730951,289,157,termination
104_6,316,149,4.47213595499958,314,153,termination
104_6,318,152,4.123105625617661,314,153,termination
104_6,318,156,5.0,314,153,bifurcation
104_6,221,257,2.23606797749979,219,258,termination
104_6,239,274,3.605551275463989,242,272,bifurcation
104_6,306,309,5.0,310,306,bifurcation
104_6,309,309,3.1622776601683795,310,306,termination
104_6,310,311,5.0,310,306,termination
104_6,211,362,1.0,211,363,bifurcation
104_6,220,160,0.0,220,160,termination
104_7,263,251,6.324555320336759,265,257,termination
104_7,301,261,5.656854249492381,305,265,bifurcation
104_7,258,324,1.4142135623730951,259,325,termination
104_7,303,227,7.280109889280518,305,234,termination
104_7,263,279,2.0,263,277,termination
104_7,238,292,2.8284271247461903,236,294,termination
104_7,294,365,4.242640687119285,297,362,termination
104_7,237,167,0.0,237,167,termination
104_7,348,267,4.123105625617661,352,268,termination
104_8,273,287,3.0,270,287,termination
104_8,266,293,7.211102550927978,270,287,termination
104_8,314,268,7.280109889280518,316,275,termination
104_8,269,321,6.324555320336759,271,315,termination
104_8,366,237,5.0990195135927845,367,242,termination
104_8,311,309,2.23606797749979,312,307,termination
104_8,337,322,4.47213595499958,333,320,bifurcation
104_8,280,261,6.708203932499369,283,267,termination
104_8,284,267,1.0,283,267,termination
104_8,286,273,6.708203932499369,283,267,termination
104_8,258,259,1.0,257,259,termination
104_8,242,367,3.0,242,370,termination
104_8,295,234,4.123105625617661,296,238,termination
104_8,335,359,6.082762530298219,341,360,bifurcation
105_1,281,195,5.0,285,198,termination
105_1,205,277,5.0990195135927845,206,282,termination
105_1,205,286,4.123105625617661,206,282,termination
105_1,210,273,2.23606797749979,211,275,bifurcation
105_1,205,277,6.324555320336759,211,275,termination
105_1,223,220,5.385164807134504,225,225,bifurcation
105_1,206,214,8.0,214,214,termination
105_1,217,194,7.280109889280518,215,201,termination
105_1,250,157,6.708203932499369,256,160,bifurcation
105_1,255,191,6.708203932499369,261,194,bifurcation
105_1,325,208,4.47213595499958,323,204,termination
105_2,203,224,3.0,203,227,termination
105_2,192,215,4.47213595499958,196,213,termination
105_2,275,188,3.1622776601683795,272,187,termination
105_2,306,145,4.0,310,145,bifurcation
105_2,404,169,2.23606797749979,403,167,termination
105_2,384,115,1.0,385,115,termination
105_2,393,92,2.0,395,92,termination
105_2,340,77,6.082762530298219,334,78,termination
105_2,268,143,2.0,266,143,bifurcation
105_2,266,200,2.23606797749979,267,198,termination
105_2,282,214,2.8284271247461903,280,212,termination
105_2,221,256,5.385164807134504,226,258,termination
105_2,227,256,2.23606797749979,226,258,termination
105_2,260,270,4.47213595499958,262,266,termination
105_2,276,268,7.810249675906654,271,274,termination
105_2,269,271,3.605551275463989,271,274,termination
105_2,380,346,3.0,383,346,termination
105_2,374,332,7.280109889280518,381,334,termination
105_2,410,323,2.23606797749979,409,321,bifurcation
105_2,372,285,7.0710678118654755,377,290,bifurcation
105_2,389,283,4.0,389,279,bifurcation
105_2,331,342,3.605551275463989,329,345,bifurcation
105_2,318,355,6.082762530298219,319,361,bifurcation
105_2,367,354,7.810249675906654,372,360,bifurcation
105_2,405,348,2.8284271247461903,407,350,termination
105_2,372,380,6.082762530298219,378,379,termination
105_2,255,331,2.8284271247461903,257,329,termination
105_2,383,197,6.0,383,191,termination
105_2,216,77,4.242640687119285,219,80,bifurcation
105_2,191,337,6.324555320336759,189,343,bifurcation
105_2,242,51,7.280109889280518,240,44,bifurcation
105_3,284,102,2.23606797749979,282,101,termination
105_3,270,114,5.0,267,110,bifurcation
105_3,326,141,0.0,326,141,termination
105_3,329,142,3.1622776601683795,326,141,termination
105_3,333,142,7.0710678118654755,326,141,bifurcation
105_3,316,158,5.0,312,155,termination
105_3,194,164,2.23606797749979,192,165,bifurcation
105_3,234,174,5.0,237,170,termination
105_3,299,234,7.810249675906654,305,229,bifurcation
105_3,333,213,7.615773105863909,326,210,bifurcation
105_3,264,214,2.8284271247461903,266,216,termination
105_3,190,207,5.385164807134504,188,212,bifurcation
105_3,173,236,3.605551275463989,170,238,termination
105_3,198,238,1.0,198,237,termination
105_3,195,278,4.242640687119285,198,281,termination
105_3,173,302,3.1622776601683795,172,305,termination
105_3,141,287,2.23606797749979,142,289,termination
105_4,315,119,3.1622776601683795,312,118,termination
105_4,333,109,3.0,333,112,bifurcation
105_4,340,103,2.0,338,103,termination
105_4,333,109,7.810249675906654,338,103,bifurcation
105_4,338,127,1.4142135623730951,339,128,termination
105_4,270,150,2.0,270,152,termination
105_4,300,153,3.605551275463989,297,155,termination
105_4,327,164,2.8284271247461903,329,166,termination
105_4,349,62,3.0,352,62,bifurcation
105_4,439,167,6.324555320336759,441,161,termination
105_4,462,154,2.23606797749979,463,152,termination
105_4,297,176,2.23606797749979,298,178,termination
105_4,299,168,6.324555320336759,305,170,termination
105_4,302,169,3.1622776601683795,305,170,termination
105_4,391,118,5.830951894845301,386,115,termination
105_4,405,129,5.830951894845301,408,134,termination
105_4,388,81,4.123105625617661,392,82,bifurcation
105_5,219,131,5.0,222,135,bifurcation
105_5,307,34,2.23606797749979,308,36,termination
105_5,366,65,8.0,358,65,bifurcation
105_5,261,95,4.47213595499958,265,97,bifurcation
105_5,223,89,3.1622776601683795,226,90,bifurcation
105_5,206,215,6.082762530298219,200,216,termination
105_5,201,216,1.0,200,216,termination
105_5,201,222,6.082762530298219,200,216,termination
105_5,206,215,6.324555320336759,208,221,termination
105_5,201,222,7.0710678118654755,208,221,termination
105_5,171,204,3.605551275463989,168,206,termination
105_5,304,314,4.47213595499958,300,312,bifurcation
105_5,263,317,6.708203932499369,269,314,termination
105_5,267,317,3.605551275463989,269,314,termination
105_5,267,318,4.47213595499958,269,314,bifurcation
105_5,315,289,5.0990195135927845,316,294,bifurcation
105_5,322,157,7.0,329,157,bifurcation
105_5,326,157,3.0,329,157,termination
105_5,329,160,3.0,329,157,termination
105_5,224,235,4.47213595499958,226,231,termination
105_5,230,237,7.211102550927978,226,231,bifurcation
105_5,225,238,7.0710678118654755,226,231,bifurcation
105_5,198,283,5.830951894845301,193,280,bifurcation
105_5,197,156,5.830951894845301,200,161,bifurcation
105_5,266,130,2.0,266,132,termination
105_5,265,281,4.242640687119285,262,278,bifurcation
105_5,247,284,6.082762530298219,246,278,bifurcation
105_5,249,284,6.708203932499369,246,278,termination
105_6,182,232,5.385164807134504,187,234,termination
105_6,158,295,5.385164807134504,163,293,termination
105_6,169,297,7.211102550927978,163,293,termination
105_6,159,299,7.211102550927978,163,293,bifurcation
105_6,169,297,2.23606797749979,171,298,termination
105_6,197,173,3.1622776601683795,194,172,bifurcation
105_6,286,252,4.47213595499958,290,250,bifurcation
105_6,319,224,3.605551275463989,317,227,bifurcation
105_6,317,227,0.0,317,227,termination
105_6,319,230,3.605551275463989,317,227,termination
105_6,321,150,1.4142135623730951,320,149,termination
105_6,250,234,7.280109889280518,257,236,termination
105_6,188,215,6.082762530298219,187,221,bifurcation
105_6,277,384,4.123105625617661,278,388,bifurcation
105_7,286,204,2.23606797749979,287,202,termination
105_7,247,192,3.605551275463989,244,190,bifurcation
105_7,324,131,5.0,321,135,termination
105_7,365,181,2.8284271247461903,367,183,termination
105_7,379,239,2.0,379,237,termination
105_7,352,260,2.23606797749979,353,258,termination
105_7,385,320,2.23606797749979,387,319,termination
105_7,402,350,6.708203932499369,408,347,bifurcation
105_7,243,237,2.0,243,235,termination
105_7,284,238,4.242640687119285,287,235,termination
105_7,161,260,5.0990195135927845,166,261,bifurcation
105_7,160,245,3.1622776601683795,163,244,termination
105_7,331,406,7.280109889280518,338,408,termination
105_7,353,410,6.082762530298219,359,411,termination
105_7,320,414,3.605551275463989,322,417,bifurcation
105_7,316,437,4.0,320,437,termination
105_7,360,435,4.47213595499958,364,437,termination
105_7,223,312,3.605551275463989,226,314,bifurcation
105_7,189,293,3.1622776601683795,188,296,termination
105_7,248,264,3.0,251,264,termination
105_7,217,252,7.211102550927978,223,256,bifurcation
105_8,150,230,3.605551275463989,153,228,bifurcation
105_8,178,190,6.708203932499369,175,196,bifurcation
105_8,262,132,1.0,261,132,bifurcation
105_8,301,142,4.242640687119285,304,139,termination
105_8,369,188,2.0,369,190,termination
105_8,369,191,1.0,369,190,termination
105_8,303,172,4.123105625617661,304,176,bifurcation
105_8,258,173,5.385164807134504,260,178,bifurcation
105_8,253,189,6.0,259,189,termination
105_8,265,205,2.0,267,205,termination
105_8,211,239,3.605551275463989,209,242,termination
105_8,228,237,3.605551275463989,231,239,bifurcation
105_8,231,237,2.0,231,239,termination
105_8,233,237,2.8284271247461903,231,239,termination
105_8,236,238,5.0990195135927845,231,239,bifurcation
105_8,235,244,6.4031242374328485,231,239,bifurcation
105_8,237,252,3.0,237,255,termination
105_8,244,254,7.0710678118654755,237,255,termination
105_8,238,259,4.123105625617661,237,255,termination
105_8,244,254,3.0,244,257,termination
105_8,238,259,6.324555320336759,244,257,termination
105_8,328,352,2.0,328,354,bifurcation
105_8,264,275,4.47213595499958,266,271,termination
105_8,281,408,3.1622776601683795,278,409,termination
105_8,344,378,5.0990195135927845,349,379,termination
106_1,270,146,6.324555320336759,276,148,bifurcation
106_1,290,142,2.23606797749979,291,140,termination
106_1,342,72,0.0,342,72,termination
106_1,274,93,3.0,277,93,termination
106_1,222,82,5.0,227,82,bifurcation
106_1,215,75,7.810249675906654,220,69,termination
106_1,267,109,1.0,266,109,termination
106_1,254,123,5.656854249492381,250,127,termination
106_1,300,57,1.0,300,58,termination
106_1,285,34,3.605551275463989,282,32,termination
106_1,332,47,5.0,336,44,termination
106_1,348,116,7.0710678118654755,343,111,termination
106_1,215,120,7.0710678118654755,220,115,termination
106_2,305,229,5.656854249492381,309,233,termination
106_2,300,190,0.0,300,190,termination
106_2,303,195,5.830951894845301,300,190,termination
106_2,286,209,5.0990195135927845,281,210,termination
106_2,320,116,2.0,320,118,termination
106_2,290,75,2.23606797749979,292,76,termination
106_2,308,31,4.242640687119285,311,34,termination
106_2,284,324,5.0990195135927845,285,329,bifurcation
106_2,233,175,4.47213595499958,229,177,termination
106_2,231,180,3.605551275463989,229,177,termination
106_2,231,181,4.47213595499958,229,177,termination
106_2,382,154,5.830951894845301,379,159,termination
106_2,385,157,6.324555320336759,379,159,termination
106_2,382,164,5.830951894845301,379,159,termination
106_2,450,182,4.47213595499958,448,178,termination
106_2,429,319,4.47213595499958,427,323,termination
106_2,334,79,7.615773105863909,331,86,termination
106_2,335,82,5.656854249492381,331,86,bifurcation
106_2,396,342,3.605551275463989,399,340,termination
106_2,375,318,2.8284271247461903,373,320,bifurcation
106_3,292,363,3.1622776601683795,291,360,bifurcation
106_3,270,369,3.605551275463989,268,372,termination
106_3,284,381,7.211102550927978,290,385,bifurcation
106_3,286,381,5.656854249492381,290,385,termination
106_3,283,382,7.615773105863909,290,385,bifurcation
106_3,294,382,5.0,290,385,termination
106_3,286,390,6.4031242374328485,290,385,bifurcation
106_3,310,387,2.23606797749979,309,385,termination
106_3,308,279,3.1622776601683795,305,278,termination
106_3,287,242,2.8284271247461903,289,244,termination
106_3,242,306,1.4142135623730951,243,305,termination
106_3,218,299,7.280109889280518,220,306,bifurcation
106_3,373,318,2.8284271247461903,371,316,termination
106_3,328,314,2.23606797749979,330,315,termination
106_3,243,319,7.0710678118654755,244,326,bifurcation
106_3,238,331,7.810249675906654,244,326,termination
106_3,243,332,6.082762530298219,244,326,bifurcation
106_3,322,257,1.0,321,257,termination
106_3,294,344,0.0,294,344,termination
106_4,266,211,1.0,266,212,termination
106_4,251,231,4.242640687119285,248,234,termination
106_4,284,246,5.830951894845301,287,251,termination
106_4,270,255,5.385164807134504,272,260,termination
106_4,267,249,2.23606797749979,266,251,termination
106_4,270,255,5.656854249492381,266,251,termination
106_4,278,196,5.0990195135927845,273,195,termination
106_4,336,211,7.0710678118654755,341,216,termination
106_4,345,222,7.211102550927978,341,216,termination
106_4,335,147,1.4142135623730951,334,148,bifurcation
106_4,259,95,3.1622776601683795,262,96,termination
106_4,191,193,4.47213595499958,189,189,bifurcation
106_4,211,225,3.1622776601683795,210,222,termination
106_4,299,158,7.211102550927978,305,162,termination
106_4,298,106,5.385164807134504,303,108,termination
106_4,215,180,7.211102550927978,219,174,termination
106_4,227,184,3.605551275463989,225,187,termination
106_4,346,182,2.23606797749979,348,183,termination
106_4,280,56,5.385164807134504,285,58,termination
106_4,275,43,7.0,268,43,termination
106_5,316,206,1.4142135623730951,315,207,termination
106_5,318,210,4.242640687119285,315,207,termination
106_5,318,214,7.615773105863909,315,207,bifurcation
106_5,300,244,3.605551275463989,298,247,termination
106_5,302,231,7.280109889280518,300,238,termination
106_5,300,236,2.0,300,238,termination
106_5,300,244,6.0,300,238,termination
106_5,314,245,3.0,314,248,termination
106_5,375,254,4.0,375,250,termination
106_5,264,148,2.23606797749979,263,146,bifurcation
106_5,387,130,2.8284271247461903,389,132,termination
106_5,366,100,4.123105625617661,365,104,bifurcation
106_5,280,76,4.47213595499958,282,80,bifurcation
106_5,400,75,4.242640687119285,403,78,termination
106_5,370,143,6.4031242374328485,366,138,termination
106_5,290,162,5.0990195135927845,291,167,bifurcation
106_5,264,191,5.385164807134504,266,186,termination
106_5,290,152,7.211102550927978,296,148,termination
106_5,327,195,2.0,327,193,termination
106_6,239,285,7.0,246,285,termination
106_6,247,291,6.082762530298219,246,285,termination
106_6,242,253,2.23606797749979,243,251,termination
106_6,223,268,4.123105625617661,222,272,termination
106_6,227,270,5.385164807134504,222,272,termination
106_6,228,272,6.0,222,272,bifurcation
106_6,192,223,4.123105625617661,196,224,bifurcation
106_6,311,252,6.4031242374328485,315,257,termination
106_6,318,260,4.242640687119285,315,257,termination
106_6,304,187,7.0710678118654755,309,192,bifurcation
106_6,316,194,7.280109889280518,309,192,termination
106_6,271,153,5.0,268,149,bifurcation
106_6,237,130,5.0990195135927845,236,135,bifurcation
106_6,382,246,1.0,382,245,termination
106_6,189,210,4.47213595499958,191,206,termination
106_6,165,213,3.1622776601683795,164,216,bifurcation
106_6,261,286,4.47213595499958,259,282,termination
106_6,246,237,2.23606797749979,247,235,termination
106_6,277,202,6.324555320336759,279,208,bifurcation
106_6,257,168,7.280109889280518,250,166,termination
106_7,263,157,2.23606797749979,262,155,termination
106_7,239,130,6.324555320336759,233,132,bifurcation
106_7,299,239,5.830951894845301,296,234,termination
106_7,299,278,2.0,297,278,termination
106_7,223,269,5.0,223,264,bifurcation
106_7,198,272,6.708203932499369,201,278,termination
106_7,181,221,6.324555320336759,187,223,bifurcation
106_7,187,204,6.324555320336759,181,202,bifurcation
106_7,302,214,5.0,306,217,termination
106_7,224,303,3.1622776601683795,227,304,termination
106_7,220,287,7.0,220,294,bifurcation
106_7,221,295,1.4142135623730951,220,294,termination
106_7,241,302,3.0,241,299,termination
106_7,366,254,6.0,366,260,bifurcation
106_7,374,275,5.830951894845301,371,280,bifurcation
106_7,175,249,2.0,175,251,bifurcation
106_7,226,249,2.0,228,249,termination
106_7,162,204,5.830951894845301,157,201,termination
106_8,237,302,7.280109889280518,235,309,termination
106_8,230,310,5.0990195135927845,235,309,termination
106_8,249,311,2.23606797749979,248,309,termination
106_8,237,317,3.605551275463989,239,320,termination
106_8,214,295,4.0,214,299,termination
106_8,234,261,3.0,237,261,termination
106_8,307,287,6.324555320336759,301,285,termination
106_8,371,274,3.605551275463989,369,271,termination
106_8,262,231,2.8284271247461903,264,233,termination
106_8,244,194,5.830951894845301,239,191,termination
106_8,220,158,5.656854249492381,224,162,termination
106_8,304,220,7.280109889280518,306,227,termination
106_8,377,380,3.605551275463989,374,378,bifurcation
106_8,256,174,2.23606797749979,258,175,termination
106_8,221,458,7.0710678118654755,226,463,termination
106_8,181,284,1.0,181,285,bifurcation
106_8,379,345,6.708203932499369,385,348,termination
106_8,303,245,3.1622776601683795,302,248,termination
106_8,261,445,6.708203932499369,267,448,termination
106_8,157,250,4.123105625617661,161,249,termination
107_1,295,216,5.385164807134504,300,214,termination
107_1,279,219,5.830951894845301,274,216,bifurcation
107_1,286,202,7.0710678118654755,291,207,bifurcation
107_1,334,256,5.830951894845301,331,251,bifurcation
107_1,344,227,5.830951894845301,349,230,bifurcation
107_1,187,211,5.830951894845301,190,216,bifurcation
107_1,173,227,5.0,170,231,termination
107_1,188,252,5.385164807134504,190,247,bifurcation
107_1,212,240,6.082762530298219,218,241,bifurcation
107_1,318,168,3.605551275463989,320,165,termination
107_1,301,166,4.47213595499958,299,170,bifurcation
107_1,274,150,4.47213595499958,272,146,bifurcation
107_1,252,164,7.0710678118654755,257,159,bifurcation
107_1,289,97,5.0,294,97,termination
107_1,268,81,5.0,271,85,bifurcation
107_1,342,95,5.0990195135927845,347,94,termination
107_1,339,87,1.0,338,87,termination
107_1,375,78,4.123105625617661,379,79,bifurcation
107_1,367,118,3.0,364,118,bifurcation
107_1,231,122,4.123105625617661,230,126,bifurcation
107_1,180,159,3.605551275463989,183,161,bifurcation
107_1,194,166,5.0,191,170,bifurcation
107_1,194,174,5.0,191,170,bifurcation
107_1,318,60,4.123105625617661,317,56,termination
107_1,271,39,4.0,271,43,bifurcation
107_1,236,62,5.830951894845301,239,67,termination
107_1,237,71,4.47213595499958,239,67,termination
107_1,268,27,4.123105625617661,264,28,bifurcation
107_1,345,45,6.708203932499369,351,42,termination
107_1,370,25,4.0,370,21,termination
107_1,237,5,5.0,237,10,termination
107_1,234,9,3.1622776601683795,237,10,termination
107_1,233,12,4.47213595499958,237,10,bifurcation
107_1,218,31,5.830951894845301,221,36,bifurcation
107_1,227,189,3.0,227,192,termination
107_1,368,192,6.0,368,186,termination
107_1,363,247,3.1622776601683795,360,248,termination
107_1,366,253,7.810249675906654,360,248,termination
107_1,347,255,3.605551275463989,345,258,termination
107_1,333,168,5.0,333,163,termination
107_1,316,133,4.0,316,137,bifurcation
107_1,287,121,3.1622776601683795,284,120,bifurcation
107_1,259,110,5.0,263,107,termination
107_1,268,110,5.830951894845301,263,107,bifurcation
107_2,325,239,4.0,321,239,bifurcation
107_2,245,233,4.47213595499958,243,237,termination
107_2,269,183,3.605551275463989,272,181,termination
107_2,269,186,5.830951894845301,272,181,bifurcation
107_2,273,186,5.0990195135927845,272,181,bifurcation
107_2,354,249,6.0,354,255,termination
107_2,355,254,1.4142135623730951,354,255,termination
107_2,349,255,5.0,354,255,termination
107_2,357,255,3.0,354,255,bifurcation
107_2,340,174,5.656854249492381,344,170,bifurcation
107_2,302,283,5.0,302,278,termination
107_2,366,277,7.211102550927978,360,281,bifurcation
107_2,358,281,2.0,360,281,termination
107_2,328,206,7.615773105863909,331,213,termination
107_2,301,202,6.324555320336759,303,208,bifurcation
107_2,296,223,4.123105625617661,300,224,bifurcation
107_2,268,243,7.280109889280518,275,245,bifurcation
107_2,277,245,2.0,275,245,bifurcation
107_2,291,144,4.0,291,148,termination
107_2,329,321,6.4031242374328485,334,325,bifurcation
107_2,344,99,3.0,347,99,termination
107_2,248,157,5.385164807134504,246,162,bifurcation
107_3,290,107,3.1622776601683795,287,108,termination
107_3,303,109,2.23606797749979,304,107,termination
107_3,332,118,2.23606797749979,330,119,termination
107_3,407,99,1.0,408,99,termination
107_3,442,112,5.385164807134504,437,110,bifurcation
107_3,275,154,2.23606797749979,276,156,termination
107_3,457,161,3.1622776601683795,454,160,termination
107_3,476,172,4.47213595499958,474,176,bifurcation
107_3,449,186,2.23606797749979,448,184,termination
107_3,396,157,2.0,398,157,termination
107_3,489,223,6.4031242374328485,493,218,termination
107_3,428,205,6.4031242374328485,433,209,bifurcation
107_3,466,246,1.4142135623730951,465,245,termination
107_3,457,288,3.605551275463989,459,285,termination
107_3,314,195,4.242640687119285,317,192,bifurcation
107_3,240,225,2.0,242,225,termination
107_3,228,317,3.1622776601683795,227,314,termination
107_3,299,222,3.605551275463989,302,220,termination
107_3,349,206,3.605551275463989,346,208,bifurcation
107_3,362,215,7.0710678118654755,357,220,bifurcation
107_3,359,220,2.0,357,220,termination
107_3,401,231,1.4142135623730951,400,230,termination
107_3,432,265,2.23606797749979,434,264,termination
107_3,430,256,4.242640687119285,433,253,termination
107_3,453,333,2.23606797749979,454,335,bifurcation
107_3,467,353,4.123105625617661,466,349,termination
107_3,450,419,1.4142135623730951,449,420,termination
107_3,429,335,4.123105625617661,428,331,termination
107_3,382,387,7.280109889280518,375,389,termination
107_3,396,390,3.1622776601683795,397,387,termination
107_3,413,342,2.23606797749979,415,343,termination
107_3,397,340,2.0,395,340,bifurcation
107_3,320,249,5.0,320,244,termination
107_3,299,294,6.324555320336759,297,300,termination
107_3,317,306,5.0,322,306,termination
107_3,295,359,5.656854249492381,291,363,termination
107_3,295,395,5.0,292,399,termination
107_3,330,366,5.830951894845301,327,371,termination
107_3,321,421,3.0,324,421,termination
107_3,366,261,7.615773105863909,359,264,termination
107_3,274,412,5.830951894845301,269,415,termination
107_3,367,319,4.0,367,323,termination
107_3,378,287,4.123105625617661,377,291,termination
107_4,267,60,7.280109889280518,269,53,bifurcation
107_4,277,145,1.4142135623730951,276,146,termination
107_4,339,146,2.8284271247461903,337,144,termination
107_4,350,157,4.123105625617661,354,156,termination
107_4,330,170,1.4142135623730951,329,169,termination
107_4,194,177,5.0,198,180,termination
107_4,227,197,3.605551275463989,224,199,bifurcation
107_4,182,206,5.0,178,203,termination
107_4,344,238,2.23606797749979,343,236,termination
107_4,238,253,2.8284271247461903,240,255,termination
107_4,233,279,2.23606797749979,232,281,termination
107_4,251,311,1.4142135623730951,252,312,termination
107_4,241,330,6.0,241,336,termination
107_4,274,222,5.0990195135927845,279,221,bifurcation
107_4,300,367,3.1622776601683795,299,364,bifurcation
107_4,278,366,7.211102550927978,272,370,termination
107_4,207,353,4.242640687119285,210,356,bifurcation
107_4,160,326,2.8284271247461903,162,328,termination
107_4,174,340,7.0710678118654755,179,345,bifurcation
107_4,177,374,1.4142135623730951,176,375,termination
107_4,202,235,3.605551275463989,205,233,termination
107_4,179,280,4.47213595499958,177,284,termination
107_4,343,259,2.8284271247461903,341,257,termination
107_4,346,303,2.0,346,305,bifurcation
107_4,364,318,2.23606797749979,363,316,termination
107_4,348,357,6.708203932499369,354,360,bifurcation
107_4,350,358,4.47213595499958,354,360,termination
107_4,350,363,5.0,354,360,termination
107_4,335,382,5.0,339,385,bifurcation
107_4,285,321,4.47213595499958,287,325,termination
107_4,207,292,4.47213595499958,205,296,bifurcation
107_4,345,220,5.0,349,217,termination
107_5,225,231,4.123105625617661,224,235,termination
107_5,236,234,5.656854249492381,232,238,bifurcation
107_5,235,243,5.830951894845301,232,238,bifurcation
107_5,235,243,5.830951894845301,240,246,bifurcation
107_5,237,285,2.23606797749979,236,283,termination
107_5,219,301,1.4142135623730951,218,302,termination
107_5,272,253,5.0990195135927845,273,258,termination
107_5,292,91,1.4142135623730951,291,92,bifurcation
107_5,377,149,4.242640687119285,380,146,termination
107_5,377,149,7.280109889280518,379,156,termination
107_5,380,159,3.1622776601683795,379,156,termination
107_5,356,196,4.0,356,200,bifurcation
107_5,361,232,4.47213595499958,363,228,termination
107_5,325,284,5.385164807134504,327,279,bifurcation
107_5,334,263,5.830951894845301,337,268,bifurcation
107_5,342,273,7.0710678118654755,337,268,bifurcation
107_5,310,206,2.0,312,206,termination
107_5,297,170,2.23606797749979,298,168,termination
107_5,303,173,7.0710678118654755,298,168,bifurcation
107_5,300,142,5.0990195135927845,305,143,bifurcation
107_5,268,187,4.47213595499958,266,191,bifurcation
107_5,239,317,5.0,243,314,termination
107_5,263,301,5.0990195135927845,268,302,termination
107_5,267,338,7.0710678118654755,272,333,bifurcation
107_5,297,334,7.0,297,327,bifurcation
107_5,230,362,7.810249675906654,236,367,bifurcation
107_5,380,228,7.0710678118654755,375,223,bifurcation
107_5,344,325,6.082762530298219,343,319,termination
107_5,203,337,4.47213595499958,205,341,bifurcation
107_5,337,44,5.385164807134504,339,49,bifurcation
107_5,300,233,5.656854249492381,304,237,bifurcation
107_5,267,126,5.0,271,123,termination
107_5,318,183,3.605551275463989,321,181,termination
107_6,178,203,5.0,182,200,termination
107_6,218,255,6.082762530298219,212,254,termination
107_6,218,255,5.656854249492381,222,259,termination
107_6,226,267,3.0,226,270,termination
107_6,271,225,4.47213595499958,267,227,bifurcation
107_6,253,206,5.830951894845301,248,209,termination
107_6,291,170,7.211102550927978,297,166,termination
107_6,349,57,0.0,349,57,termination
107_6,427,73,2.0,429,73,termination
107_6,396,118,2.23606797749979,395,116,termination
107_6,432,172,7.280109889280518,430,165,termination
107_6,410,242,6.082762530298219,411,236,termination
107_6,386,222,8.0,386,230,termination
107_6,385,233,3.1622776601683795,386,230,termination
107_6,386,222,5.385164807134504,391,220,termination
107_6,371,190,5.0990195135927845,370,185,termination
107_6,337,159,3.605551275463989,335,162,termination
107_6,332,144,2.8284271247461903,330,142,bifurcation
107_6,281,140,5.0990195135927845,282,135,termination
107_6,222,123,7.211102550927978,228,119,termination
107_6,305,258,2.23606797749979,304,256,termination
107_6,319,239,6.4031242374328485,324,235,termination
107_6,210,303,1.4142135623730951,209,302,termination
107_6,186,310,4.0,182,310,termination
107_6,162,342,1.4142135623730951,163,341,termination
107_6,144,321,6.082762530298219,145,327,bifurcation
107_6,198,333,4.0,202,333,termination
107_6,226,337,4.47213595499958,228,333,termination
107_6,290,333,3.605551275463989,293,331,bifurcation
107_6,306,335,5.385164807134504,311,333,termination
107_6,351,358,5.0,354,362,bifurcation
107_6,329,384,4.123105625617661,328,380,bifurcation
107_6,228,397,1.0,229,397,termination
107_6,275,398,3.1622776601683795,272,399,termination
107_6,182,365,2.8284271247461903,180,363,termination
107_6,326,287,2.23606797749979,325,289,bifurcation
107_6,341,294,5.830951894845301,346,291,termination
107_6,399,265,4.123105625617661,400,261,termination
107_6,350,260,3.1622776601683795,351,263,bifurcation
107_6,251,287,4.123105625617661,252,291,termination
107_6,303,120,7.280109889280518,310,118,bifurcation
107_6,282,66,3.605551275463989,285,64,termination
107_6,250,365,1.4142135623730951,249,364,termination
107_6,294,375,4.123105625617661,295,371,termination
107_6,219,363,5.0,224,363,bifurcation
107_6,154,293,5.0990195135927845,149,294,termination
107_6,149,282,4.123105625617661,150,278,termination
107_6,309,221,5.0,305,218,termination
107_6,303,222,4.47213595499958,305,218,termination
107_6,310,222,6.4031242374328485,305,218,bifurcation
107_6,334,217,4.47213595499958,338,219,termination
107_6,315,195,6.4031242374328485,319,200,bifurcation
107_7,323,118,5.0990195135927845,324,123,bifurcation
107_7,246,157,3.605551275463989,249,159,termination
107_7,381,151,3.605551275463989,378,149,termination
107_7,386,127,0.0,386,127,termination
107_7,234,186,5.0,230,183,termination
107_7,396,205,3.1622776601683795,393,206,bifurcation
107_8,224,293,2.23606797749979,223,291,termination
107_8,288,191,3.0,291,191,termination
107_8,337,172,5.0,334,168,bifurcation
107_8,363,251,8.0,371,251,bifurcation
107_8,366,252,5.0990195135927845,371,251,termination
107_8,371,254,3.0,371,251,termination
107_8,413,183,6.324555320336759,419,185,termination
107_8,419,190,5.0,419,185,termination
107_8,246,353,6.708203932499369,249,347,bifurcation
107_8,331,329,5.385164807134504,329,334,termination
107_8,348,249,4.47213595499958,350,245,termination
107_8,383,175,1.4142135623730951,382,176,termination
107_8,406,149,2.23606797749979,405,147,termination
107_8,429,163,3.0,426,163,bifurcation
107_8,431,165,5.385164807134504,426,163,bifurcation
107_8,431,167,6.4031242374328485,426,163,bifurcation
107_8,367,91,7.280109889280518,365,98,termination
107_8,362,100,3.605551275463989,365,98,termination
107_8,298,151,5.0,295,155,termination
108_1,318,85,5.0990195135927845,317,90,bifurcation
108_1,317,63,3.0,320,63,termination
108_1,339,47,2.8284271247461903,337,49,bifurcation
108_1,315,121,3.0,312,121,termination
108_1,269,138,3.0,269,135,termination
108_1,288,195,3.1622776601683795,291,194,bifurcation
108_1,327,148,4.47213595499958,329,144,termination
108_1,309,21,4.0,305,21,termination
108_1,264,196,5.0,260,199,termination
108_1,209,124,4.0,209,120,termination
108_1,360,26,7.615773105863909,357,33,termination
108_1,360,30,4.242640687119285,357,33,termination
108_2,352,254,5.830951894845301,355,259,termination
108_2,329,227,4.47213595499958,325,229,termination
108_2,316,214,7.0710678118654755,317,221,bifurcation
108_2,341,183,5.0990195135927845,340,188,termination
108_2,368,159,5.0990195135927845,363,158,bifurcation
108_2,264,191,7.0710678118654755,263,198,bifurcation
108_2,321,318,6.4031242374328485,326,322,bifurcation
108_2,263,306,4.47213595499958,267,308,bifurcation
108_2,398,168,2.23606797749979,399,170,bifurcation
108_2,370,125,3.0,367,125,termination
108_2,310,143,7.615773105863909,303,140,bifurcation
108_2,277,333,3.0,277,330,termination
108_2,282,333,5.830951894845301,277,330,bifurcation
108_2,275,336,6.324555320336759,277,330,termination
108_2,331,348,6.4031242374328485,335,343,bifurcation
108_2,348,281,5.385164807134504,346,286,termination
108_2,334,263,3.605551275463989,332,266,termination
108_2,335,265,3.1622776601683795,332,266,bifurcation
108_2,333,269,3.1622776601683795,332,266,termination
108_2,360,238,3.1622776601683795,361,241,termination
108_3,320,284,5.0990195135927845,321,289,bifurcation
108_3,316,292,5.830951894845301,321,289,termination
108_3,295,298,5.0990195135927845,300,299,bifurcation
108_3,302,383,3.1622776601683795,305,384,termination
108_3,237,365,3.605551275463989,235,368,termination
108_3,233,366,2.8284271247461903,235,368,termination
108_3,239,367,4.123105625617661,235,368,bifurcation
108_3,217,330,5.830951894845301,214,335,termination
108_3,397,315,0.0,397,315,termination
108_3,268,196,3.0,271,196,bifurcation
108_3,268,162,6.082762530298219,274,163,termination
108_3,262,141,5.0,257,141,termination
108_3,272,269,5.385164807134504,277,271,bifurcation
108_3,299,237,5.0,295,240,termination
108_3,397,259,5.385164807134504,395,254,termination
108_3,380,185,4.242640687119285,383,188,termination
108_3,382,189,1.4142135623730951,383,188,termination
108_3,382,192,4.123105625617661,383,188,bifurcation
108_3,220,239,7.810249675906654,214,244,termination
108_3,341,346,5.0,341,341,termination
108_3,310,330,2.0,312,330,termination
108_3,287,313,4.0,287,317,bifurcation
108_3,357,209,4.47213595499958,361,211,bifurcation
108_3,331,171,3.1622776601683795,328,172,termination
108_3,288,368,3.0,291,368,termination
108_3,287,280,2.23606797749979,286,282,termination
108_3,327,209,2.23606797749979,325,208,bifurcation
108_3,372,297,6.4031242374328485,376,292,bifurcation
108_3,222,344,5.385164807134504,227,342,termination
108_3,215,348,7.211102550927978,211,354,termination
108_4,304,259,5.0,307,263,termination
108_4,240,363,4.47213595499958,236,365,termination
108_4,238,286,6.4031242374328485,233,290,termination
108_4,303,183,4.242640687119285,300,186,termination
108_4,296,111,5.385164807134504,294,106,bifurcation
108_4,363,102,6.324555320336759,357,100,termination
108_4,290,74,1.0,289,74,bifurcation
108_4,311,325,1.0,312,325,termination
108_4,324,365,7.280109889280518,326,358,termination
108_4,381,324,5.0990195135927845,382,319,termination
108_4,196,278,1.4142135623730951,197,279,termination
108_4,252,305,1.0,252,304,termination
108_4,333,229,4.0,329,229,termination
108_4,318,257,6.324555320336759,324,259,termination
108_4,324,257,2.0,324,259,termination
108_4,314,247,7.211102550927978,308,243,termination
108_4,348,133,3.1622776601683795,351,132,termination
108_4,386,149,3.605551275463989,389,151,bifurcation
108_4,428,132,5.385164807134504,423,130,termination
108_4,246,159,5.0,243,163,bifurcation
108_4,301,298,5.0,297,295,termination
108_4,350,288,4.123105625617661,349,284,termination
108_4,412,217,5.0,416,214,termination
108_4,417,219,5.0990195135927845,416,214,termination
108_4,398,217,2.23606797749979,399,219,termination
108_4,398,220,1.4142135623730951,399,219,bifurcation
108_4,396,221,3.605551275463989,399,219,bifurcation
108_4,242,259,4.123105625617661,241,263,termination
108_5,282,276,1.4142135623730951,281,275,termination
108_5,262,268,6.324555320336759,260,274,bifurcation
108_5,261,270,4.123105625617661,260,274,termination
108_5,268,274,8.0,260,274,termination
108_5,279,325,3.1622776601683795,282,324,termination
108_5,299,343,5.0,299,338,termination
108_5,329,369,5.385164807134504,327,364,termination
108_5,325,233,5.0,325,238,bifurcation
108_5,276,234,1.4142135623730951,275,235,termination
108_5,273,249,7.211102550927978,279,253,termination
108_5,255,242,6.0,255,248,termination
108_5,253,246,2.8284271247461903,255,248,termination
108_5,253,250,2.8284271247461903,255,248,bifurcation
108_5,220,339,3.0,220,342,termination
108_5,220,346,4.0,220,342,termination
108_5,207,322,7.211102550927978,211,328,bifurcation
108_5,172,231,6.324555320336759,170,237,termination
108_5,189,168,5.385164807134504,187,163,bifurcation
108_5,237,125,5.0,233,128,termination
108_5,289,129,6.324555320336759,283,131,termination
108_5,248,157,4.242640687119285,245,160,bifurcation
108_5,279,152,2.23606797749979,281,153,bifurcation
108_5,304,109,4.47213595499958,300,111,termination
108_5,236,189,6.082762530298219,235,195,termination
108_5,230,228,2.23606797749979,229,230,termination
108_5,240,356,1.0,240,355,termination
108_5,178,359,7.615773105863909,181,352,termination
108_5,358,304,6.324555320336759,356,298,termination
108_5,361,259,3.1622776601683795,362,256,termination
108_5,339,198,3.605551275463989,336,196,termination
108_5,316,288,4.123105625617661,315,284,termination
108_5,337,378,5.0,341,381,bifurcation
108_6,248,256,7.0710678118654755,247,263,termination
108_6,253,258,7.810249675906654,247,263,termination
108_6,243,290,7.0,243,297,bifurcation
108_6,255,153,6.4031242374328485,250,157,termination
108_6,275,125,4.0,279,125,termination
108_6,268,223,4.47213595499958,270,227,termination
108_6,169,267,3.1622776601683795,166,266,termination
108_6,250,217,5.656854249492381,246,213,bifurcation
108_6,219,117,3.605551275463989,222,119,bifurcation
108_6,281,94,4.123105625617661,277,93,termination
108_6,127,286,5.0,131,289,bifurcation
108_6,136,291,5.385164807134504,131,289,termination
108_6,195,317,7.615773105863909,198,324,bifurcation
108_6,202,320,5.656854249492381,198,324,termination
108_6,195,321,4.242640687119285,198,324,bifurcation
108_6,338,193,5.830951894845301,333,190,bifurcation
108_6,347,190,5.830951894845301,352,193,bifurcation
108_6,243,199,4.242640687119285,240,202,termination
108_6,249,238,3.0,246,238,termination
108_6,350,102,6.0,344,102,bifurcation
108_6,342,104,2.8284271247461903,344,102,bifurcation
108_6,334,123,7.615773105863909,337,130,bifurcation
108_6,290,268,2.8284271247461903,292,266,bifurcation
108_6,293,269,3.1622776601683795,292,266,termination
108_6,293,271,5.0990195135927845,292,266,termination
108_6,311,135,1.0,310,135,bifurcation
108_6,149,278,2.23606797749979,147,279,termination
108_6,150,281,3.605551275463989,147,279,termination
108_7,254,190,6.708203932499369,260,187,termination
108_7,265,142,6.708203932499369,259,145,termination
108_7,281,114,2.23606797749979,283,113,termination
108_7,287,214,5.0,282,214,bifurcation
108_7,351,173,4.47213595499958,347,175,bifurcation
108_7,287,84,5.385164807134504,282,86,termination
108_7,310,263,8.0,310,255,termination
108_7,190,162,7.0710678118654755,185,167,termination
108_7,341,104,1.0,341,103,termination
108_7,209,64,3.1622776601683795,212,63,termination
108_7,213,64,1.4142135623730951,212,63,termination
108_7,158,289,3.0,155,289,bifurcation
108_7,276,311,5.0,279,307,termination
108_7,239,181,3.1622776601683795,240,184,bifurcation
108_8,286,280,3.1622776601683795,287,283,termination
108_8,268,257,6.082762530298219,267,263,bifurcation
108_8,270,269,6.708203932499369,267,263,termination
108_8,202,300,2.8284271247461903,204,298,termination
108_8,202,304,6.324555320336759,204,298,termination
108_8,270,322,5.385164807134504,265,320,bifurcation
108_8,275,348,6.082762530298219,274,354,termination
108_8,260,212,7.211102550927978,254,216,termination
108_8,253,428,3.1622776601683795,254,425,termination
108_8,357,365,3.1622776601683795,360,364,termination
108_8,355,411,6.4031242374328485,350,407,bifurcation
108_8,335,436,2.23606797749979,334,438,termination
108_8,150,394,4.123105625617661,146,395,termination
108_8,211,409,3.1622776601683795,208,410,termination
108_8,307,111,7.211102550927978,303,117,termination
108_8,303,113,4.0,303,117,bifurcation
108_8,370,226,7.0710678118654755,377,225,termination
108_8,374,227,3.605551275463989,377,225,bifurcation
108_8,371,228,6.708203932499369,377,225,bifurcation
108_8,296,398,5.830951894845301,301,401,bifurcation
108_8,304,400,3.1622776601683795,301,401,termination
108_8,289,251,2.8284271247461903,291,253,termination
108_8,365,219,6.082762530298219,359,218,termination
108_8,362,222,5.0,359,218,termination
108_8,162,446,3.1622776601683795,163,449,bifurcation
108_8,301,156,4.47213595499958,305,158,termination
108_8,300,158,5.0,305,158,bifurcation
108_8,303,158,2.0,305,158,termination
109_1,330,159,2.0,330,161,bifurcation
109_1,366,110,8.0,358,110,termination
109_1,261,138,2.23606797749979,263,139,bifurcation
109_1,300,92,7.810249675906654,305,98,termination
109_1,300,93,7.0710678118654755,305,98,termination
109_1,286,149,1.4142135623730951,287,148,termination
109_1,315,37,1.4142135623730951,316,36,termination
109_1,242,74,7.615773105863909,245,67,termination
109_1,203,124,5.0,208,124,termination
109_1,211,191,5.830951894845301,214,196,termination
109_1,215,215,5.0990195135927845,214,220,termination
109_1,233,247,6.324555320336759,227,245,bifurcation
109_1,356,214,3.605551275463989,358,217,termination
109_1,254,218,5.0,250,221,termination
109_1,285,302,3.1622776601683795,282,303,bifurcation
109_1,304,171,5.0,308,168,termination
109_2,300,220,6.0,294,220,bifurcation
109_2,292,223,3.605551275463989,294,220,termination
109_2,303,274,6.082762530298219,302,268,termination
109_2,322,181,6.082762530298219,328,182,termination
109_2,264,174,2.23606797749979,263,172,termination
109_2,279,287,5.656854249492381,283,291,bifurcation
109_2,349,295,4.47213595499958,351,299,termination
109_2,355,225,2.0,355,223,termination
109_2,349,273,3.605551275463989,351,270,termination
109_2,314,232,7.810249675906654,319,238,termination
109_2,314,237,5.0990195135927845,319,238,termination
109_3,312,127,4.47213595499958,308,129,bifurcation
109_3,224,133,4.123105625617661,220,134,termination
109_3,302,79,4.123105625617661,306,80,termination
109_3,282,82,2.0,280,82,termination
109_3,245,78,3.0,248,78,termination
109_3,377,287,6.4031242374328485,381,282,termination
109_3,295,233,4.123105625617661,299,234,termination
109_3,211,257,7.280109889280518,218,259,termination
109_3,220,206,4.47213595499958,218,202,termination
109_3,167,309,5.0990195135927845,168,304,termination
109_3,226,315,7.0710678118654755,231,320,bifurcation
109_3,215,322,5.0,219,325,bifurcation
109_3,326,263,5.0,329,259,termination
109_3,258,332,4.47213595499958,260,328,bifurcation
109_3,317,303,7.810249675906654,323,308,bifurcation
109_3,167,200,2.23606797749979,168,198,termination
109_3,317,327,6.0,317,333,termination
109_3,316,330,3.1622776601683795,317,333,bifurcation
109_3,319,330,3.605551275463989,317,333,bifurcation
109_3,259,263,3.0,262,263,termination
109_3,348,279,3.605551275463989,351,281,bifurcation
109_3,353,266,2.23606797749979,352,264,termination
109_4,254,205,4.242640687119285,251,208,termination
109_4,248,206,3.605551275463989,251,208,termination
109_4,255,206,4.47213595499958,251,208,bifurcation
109_4,326,213,6.708203932499369,329,219,termination
109_4,287,294,5.0,291,291,bifurcation
109_4,263,305,7.0710678118654755,268,310,bifurcation
109_4,251,312,4.242640687119285,254,315,bifurcation
109_4,322,295,5.830951894845301,325,300,bifurcation
109_4,352,291,3.1622776601683795,355,292,termination
109_4,311,270,7.810249675906654,317,275,bifurcation
109_4,383,269,4.123105625617661,384,273,bifurcation
109_4,328,187,4.0,324,187,termination
109_4,285,248,0.0,285,248,termination
109_4,237,254,4.47213595499958,241,252,termination
109_4,203,319,6.0,203,313,termination
109_4,297,386,3.605551275463989,299,389,bifurcation
109_4,315,366,1.4142135623730951,316,367,bifurcation
109_4,380,364,1.4142135623730951,381,365,termination
109_5,215,207,3.605551275463989,218,205,termination
109_5,265,109,0.0,265,109,bifurcation
109_5,332,206,3.1622776601683795,331,203,termination
109_5,324,255,2.23606797749979,326,256,bifurcation
109_5,276,264,5.0,280,267,bifurcation
109_5,270,241,3.0,270,238,termination
109_5,254,181,5.0,250,184,termination
109_5,254,188,5.656854249492381,250,184,termination
109_5,246,275,6.324555320336759,244,269,termination
109_5,252,259,5.0,256,262,bifurcation
109_5,204,279,2.0,204,277,termination
109_5,174,192,2.23606797749979,175,194,bifurcation
109_5,186,130,3.1622776601683795,189,131,termination
109_5,247,354,4.123105625617661,248,358,termination
109_5,239,333,3.605551275463989,236,335,bifurcation
109_5,314,318,2.8284271247461903,312,320,bifurcation
109_5,367,302,6.4031242374328485,372,306,termination
109_5,207,153,1.0,207,154,bifurcation
109_5,179,164,4.47213595499958,183,166,termination
109_5,295,246,2.23606797749979,297,245,termination
109_5,285,213,4.242640687119285,282,216,termination
109_5,303,344,4.0,303,348,bifurcation
109_6,229,281,6.0,229,275,termination
109_6,322,255,5.830951894845301,327,258,bifurcation
109_6,319,258,8.0,327,258,bifurcation
109_6,350,195,5.0,347,191,termination
109_6,312,119,3.0,309,119,termination
109_6,369,221,4.47213595499958,365,219,bifurcation
109_6,301,249,0.0,301,249,termination
109_6,251,211,6.0,251,217,bifurcation
109_7,350,262,5.0,353,266,termination
109_7,347,271,7.810249675906654,353,266,termination
109_7,354,271,5.0990195135927845,353,266,termination
109_7,336,335,6.708203932499369,342,338,bifurcation
109_7,369,284,7.211102550927978,375,288,bifurcation
109_7,372,285,4.242640687119285,375,288,termination
109_7,406,263,1.0,407,263,bifurcation
109_8,364,182,1.0,365,182,termination
109_8,302,165,2.8284271247461903,300,167,termination
109_8,284,163,5.0,289,163,termination
109_8,299,140,7.0710678118654755,298,147,bifurcation
109_8,308,172,7.211102550927978,304,178,bifurcation
109_8,366,142,5.0,366,147,bifurcation
109_8,279,174,5.656854249492381,283,178,termination
109_8,303,231,6.082762530298219,304,225,termination
109_8,403,226,6.0,403,220,termination
109_8,445,347,6.4031242374328485,449,352,termination
109_8,340,229,4.242640687119285,343,226,termination
109_8,403,278,4.47213595499958,407,276,termination
109_8,383,307,2.8284271247461903,385,309,bifurcation
109_8,382,309,3.0,385,309,termination
109_8,379,313,7.211102550927978,385,309,termination
109_8,384,316,7.0710678118654755,385,309,termination
109_8,364,240,7.211102550927978,370,244,termination
109_8,373,250,6.708203932499369,370,244,termination
109_8,426,254,7.211102550927978,430,260,bifurcation
110_1,303,53,5.385164807134504,305,58,termination
110_1,349,123,2.23606797749979,348,121,termination
110_1,270,129,3.605551275463989,273,131,termination
110_1,220,187,6.082762530298219,226,188,termination
110_1,223,190,3.605551275463989,226,188,termination
110_1,229,190,3.605551275463989,226,188,bifurcation
110_1,364,136,6.4031242374328485,369,140,bifurcation
110_1,369,142,2.0,369,140,bifurcation
110_1,362,143,7.615773105863909,369,140,bifurcation
110_1,301,31,5.0,298,35,bifurcation
110_1,269,50,7.615773105863909,262,53,termination
110_1,269,55,7.280109889280518,262,53,bifurcation
110_1,295,199,3.0,295,202,termination
110_1,286,95,5.385164807134504,284,90,termination
110_1,327,80,0.0,327,80,termination
110_1,254,26,4.0,250,26,termination
110_1,243,28,7.280109889280518,250,26,termination
110_1,222,114,3.605551275463989,225,116,bifurcation
110_1,223,123,7.280109889280518,225,116,bifurcation
110_1,354,188,5.385164807134504,359,190,termination
110_1,249,8,7.810249675906654,255,13,termination
110_1,253,14,2.23606797749979,255,13,termination
110_1,204,163,5.0,208,166,bifurcation
110_1,210,171,5.385164807134504,208,166,termination
110_1,201,174,7.810249675906654,195,179,termination
110_1,314,87,7.615773105863909,307,90,termination
110_1,306,93,3.1622776601683795,307,90,bifurcation
110_1,309,93,3.605551275463989,307,90,termination
110_1,204,60,1.4142135623730951,205,59,termination
110_2,351,238,7.211102550927978,345,242,bifurcation
110_2,340,199,2.23606797749979,342,200,termination
110_2,325,172,5.0,329,175,termination
110_2,295,196,6.708203932499369,289,199,termination
110_2,293,202,5.0,289,199,termination
110_2,286,280,4.123105625617661,287,276,termination
110_2,394,261,7.0,394,254,termination
110_2,307,275,6.0,307,269,termination
110_2,254,282,2.8284271247461903,256,280,termination
110_2,355,293,0.0,355,293,termination
110_2,331,125,4.47213595499958,335,127,termination
110_2,287,99,5.656854249492381,283,103,termination
110_2,278,100,5.830951894845301,283,103,termination
110_2,287,99,5.385164807134504,292,101,termination
110_2,228,219,3.605551275463989,231,217,termination
110_2,255,230,5.830951894845301,260,233,bifurcation
110_2,253,235,7.280109889280518,260,233,termination
110_2,414,268,4.123105625617661,415,272,termination
110_2,416,270,2.23606797749979,415,272,termination
110_2,420,270,5.385164807134504,415,272,bifurcation
110_2,420,278,7.810249675906654,415,272,termination
110_2,400,275,7.810249675906654,394,280,termination
110_2,395,286,6.082762530298219,394,280,bifurcation
110_2,204,172,1.4142135623730951,203,173,bifurcation
110_2,384,144,8.0,384,152,termination
110_2,383,155,3.1622776601683795,384,152,termination
110_2,414,222,3.0,414,219,termination
110_2,318,335,3.1622776601683795,315,334,bifurcation
110_2,300,351,6.324555320336759,302,357,bifurcation
110_2,246,332,7.280109889280518,244,339,termination
110_2,315,218,3.605551275463989,312,220,termination
110_2,308,220,4.0,312,220,termination
110_2,314,220,2.0,312,220,termination
110_2,308,223,5.0,312,220,termination
110_2,320,213,7.280109889280518,327,215,termination
110_2,322,216,5.0990195135927845,327,215,termination
110_2,328,217,2.23606797749979,327,215,termination
110_2,295,169,5.0990195135927845,296,164,termination
110_2,279,175,5.0,282,171,termination
110_2,317,88,6.082762530298219,311,87,termination
110_3,350,299,4.47213595499958,346,301,termination
110_3,350,302,4.123105625617661,346,301,bifurcation
110_3,349,303,3.605551275463989,346,301,termination
110_3,335,245,5.385164807134504,337,250,termination
110_3,335,263,5.830951894845301,332,268,termination
110_3,326,265,6.708203932499369,332,268,termination
110_3,333,266,2.23606797749979,332,268,termination
110_3,332,269,1.0,332,268,bifurcation
110_3,335,270,3.605551275463989,332,268,termination
110_3,254,369,7.280109889280518,261,371,bifurcation
110_3,256,375,6.4031242374328485,261,371,bifurcation
110_3,251,375,7.280109889280518,253,382,bifurcation
110_3,256,375,7.615773105863909,253,382,bifurcation
110_3,255,382,2.0,253,382,termination
110_3,258,382,5.0,253,382,bifurcation
110_3,313,190,3.605551275463989,315,193,termination
110_3,319,192,4.123105625617661,315,193,termination
110_3,317,196,3.605551275463989,315,193,termination
110_3,316,198,5.0990195135927845,315,193,bifurcation
110_3,288,240,7.280109889280518,290,233,termination
110_3,248,292,8.0,248,284,termination
110_3,367,218,1.4142135623730951,368,217,termination
110_3,270,336,5.385164807134504,265,338,bifurcation
110_3,232,236,3.605551275463989,235,234,termination
110_3,219,260,6.082762530298219,218,266,termination
110_3,379,286,3.1622776601683795,380,289,termination
110_3,363,267,5.0,366,271,termination
110_3,390,303,4.123105625617661,391,307,bifurcation
110_3,392,303,4.123105625617661,391,307,bifurcation
110_3,310,397,5.385164807134504,312,402,termination
110_3,306,402,6.0,312,402,termination
110_3,272,303,6.4031242374328485,277,307,bifurcation
110_3,265,152,3.1622776601683795,262,151,termination
110_3,281,167,5.0990195135927845,280,172,bifurcation
110_3,420,287,3.1622776601683795,419,284,termination
110_3,302,449,6.708203932499369,308,452,termination
110_3,349,425,3.605551275463989,352,423,termination
110_3,358,397,1.4142135623730951,357,398,termination
110_3,247,405,5.0,251,408,bifurcation
110_4,396,207,3.1622776601683795,399,206,bifurcation
110_4,419,193,6.4031242374328485,423,198,termination
110_4,421,202,4.47213595499958,423,198,termination
110_4,397,166,6.324555320336759,403,168,termination
110_4,356,181,6.0,356,187,termination
110_4,361,189,5.385164807134504,356,187,termination
110_4,355,191,4.123105625617661,356,187,termination
110_4,303,334,5.0,300,330,termination
110_4,374,333,1.0,373,333,termination
110_4,412,321,2.0,412,323,termination
110_4,387,313,1.0,387,314,termination
110_4,427,215,7.0710678118654755,434,216,termination
110_4,432,223,7.280109889280518,434,216,bifurcation
110_4,464,214,7.0710678118654755,471,213,termination
110_4,477,250,3.1622776601683795,474,249,termination
110_4,346,110,5.0990195135927845,351,111,termination
110_4,370,148,7.0,377,148,termination
110_4,318,263,4.0,322,263,termination
110_4,427,273,6.0,427,279,bifurcation
110_4,428,274,5.0990195135927845,427,279,termination
110_4,432,278,5.0990195135927845,427,279,termination
110_4,371,248,6.0,371,242,termination
110_4,321,318,7.0,328,318,bifurcation
110_4,331,320,3.605551275463989,328,318,termination
110_4,482,318,7.0,475,318,bifurcation
110_4,408,356,1.0,407,356,termination
110_4,372,389,0.0,372,389,termination
110_4,381,414,5.830951894845301,384,409,termination
110_4,398,423,5.385164807134504,403,425,termination
110_4,401,424,2.23606797749979,403,425,termination
110_4,292,350,6.082762530298219,298,351,termination
110_4,381,210,7.0,381,203,termination
110_4,316,311,6.324555320336759,314,317,bifurcation
110_4,321,318,7.0710678118654755,314,317,bifurcation
110_4,313,319,2.23606797749979,314,317,bifurcation
110_4,265,183,2.23606797749979,267,182,termination
110_4,262,187,7.0710678118654755,267,182,termination
110_5,278,158,2.23606797749979,279,160,termination
110_5,283,200,2.8284271247461903,285,202,bifurcation
110_5,259,324,5.0,263,327,termination
110_5,226,332,4.123105625617661,230,333,termination
110_5,300,333,2.0,302,333,termination
110_5,248,359,3.0,248,356,termination
110_5,246,363,7.280109889280518,248,356,termination
110_5,333,313,2.8284271247461903,331,315,termination
110_5,269,204,5.830951894845301,272,199,termination
110_5,342,183,1.0,341,183,termination
110_5,345,189,7.211102550927978,341,183,termination
110_5,213,216,7.280109889280518,206,218,termination
110_5,312,202,5.830951894845301,317,205,termination
110_5,314,205,3.0,317,205,termination
110_5,318,206,1.4142135623730951,317,205,termination
110_5,315,211,6.324555320336759,317,205,termination
110_5,356,218,6.324555320336759,362,216,bifurcation
110_5,366,239,2.0,366,241,termination
110_5,384,239,7.0710678118654755,379,234,bifurcation
110_5,227,95,4.123105625617661,226,91,termination
110_5,312,381,2.23606797749979,310,380,termination
110_5,328,254,5.385164807134504,330,259,termination
110_6,316,297,6.324555320336759,314,303,bifurcation
110_6,316,299,4.47213595499958,314,303,bifurcation
110_6,314,300,3.0,314,303,termination
110_6,311,305,3.605551275463989,314,303,termination
110_6,322,296,7.0710678118654755,329,295,bifurcation
110_6,299,232,4.123105625617661,295,231,bifurcation
110_6,374,345,6.708203932499369,380,348,bifurcation
110_6,342,376,6.708203932499369,348,379,bifurcation
110_6,367,306,4.242640687119285,364,309,termination
110_6,276,244,6.708203932499369,270,247,bifurcation
110_6,283,201,6.708203932499369,280,195,bifurcation
110_6,383,231,5.0990195135927845,384,236,termination
110_6,379,236,5.0,384,236,bifurcation
110_6,303,285,6.0,309,285,termination
110_6,308,288,3.1622776601683795,309,285,termination
110_7,334,263,7.615773105863909,341,260,termination
110_7,342,265,5.0990195135927845,341,260,termination
110_7,296,364,3.605551275463989,299,366,termination
110_7,277,365,5.830951894845301,282,362,termination
110_7,372,309,7.0710678118654755,379,310,bifurcation
110_7,297,252,5.0990195135927845,298,257,termination
110_7,304,257,6.0,298,257,termination
110_7,347,213,7.211102550927978,351,219,termination
110_7,323,242,2.0,325,242,termination
110_7,285,174,7.0,285,181,termination
110_7,286,180,1.4142135623730951,285,181,termination
110_7,281,185,5.656854249492381,285,181,termination
110_7,383,244,1.0,383,243,termination
110_7,334,304,4.123105625617661,333,300,termination
110_7,400,277,6.324555320336759,406,275,termination
110_7,301,311,1.4142135623730951,302,310,termination
110_7,342,357,4.0,346,357,termination
110_7,263,370,2.8284271247461903,265,368,termination
110_7,319,117,6.4031242374328485,314,113,termination
110_8,366,353,3.605551275463989,364,350,termination
110_8,346,361,2.23606797749979,345,363,termination
110_8,397,415,5.0,393,412,bifurcation
110_8,443,348,5.656854249492381,439,352,termination
110_8,434,349,5.830951894845301,439,352,bifurcation
110_8,436,350,3.605551275463989,439,352,termination
110_8,382,286,7.0710678118654755,389,285,bifurcation
110_8,361,307,3.0,361,304,termination
110_8,390,447,3.0,393,447,termination
110_8,443,370,5.385164807134504,438,368,termination
